!
!     Campaign Peoples
!
davec
"IN%""dcarr@eastman.com"""			! Dave Carr
keith
"IN%""KPSpicer@AOL.COM"""			! Keith Spicer
!
!      Distribution Lists
!
progoff
"@USER:[WJH3957]PROGOFF.DIS"
scifi
"@USER:[WJH3957]sciencefiction.DIS"
devo
"@USER:[WJH3957]DEVOTIONAL.DIS"
wesley
"@USER:[WJH3957.PUBLIC]wesley.DIS"
mf
"@USER:[WJH3957]METHODISTFRIENDS.DIS"
test
"@user:[wjh3957.public]test.dis"
everyone
"@user:[honors.public]everyone.dis"
!
!      Salt and Light with miscelaneous Methodists
!
adam
"in%""Cutling@aol.com"""			! Adam Beekan (Salt and Light)
matt
"in%""Viser3@aol.com"""				! Matt Viser (Salt and Light)
louis
"in%""hyder1@usit.net"""			! Louis Hyde (Salt and Light)
jane
JAD6833						! Jane Anne Dalton "Jane" (Salt and Light)
marinn
"in%""littleOnet@aol.com"""			! Marinn Pierce
aolWillH
"in%""BigBronzer@aol.com"""
heatherL
"in%""HEL01@mhc.edu"""				! Heather Latorre
drew
"in%""Beatle1019@aol.com"""			! Drew Pierce
!drewP2
!"in%""Losser15@aol.com"""			! Drew Pierce
heatherC
"in%""s_hcundi@mccallie.chattanooga.tn.us"""	! Heather Cundiff
pauls
"in%""TNPRSeay@aol.com"""			! Paul Seay
!markH1
!"in%""mark_herron@hcboe.hamblen.ten.k12.tn.us"""		! Mark Herron
markH
"in%""Mark_Herron.WESTHIGH@HCBOE.HAMBLEN.TEN.K12.TN.US"""	! Mark Herron
angee
"in%""humyouth@usit.net"""			! Angee Woody
kristenH
"in%""Hiteka@Wofford.edu"""			! Kristen Hite
allisonK
"in%""zamk1@Access.ETSU-Tn.edu"""		! Allison Kyzer
jenny
"in%""markrowh@usit.net"""			! Jenny Rowh
chalmer
"in%""exsultabit@aol.com"""			! Chalmer Harper
steveA
"in%""steve@tricon.net"""			! Steve Allen
kelly                                   
"IN%""zkel2@Access.ETSU-Tn.Edu"""		! Kelly Logan
!
!	Professors
!
volpe
AAV7268	! Angelo A. Volpe
henry
WLH3463	! Dr. Wesley L. Henry
christianson
KEC7497	! Dr. Kevin E. Christianson; Henderson Hall #218A
field
PSF0093	! Dr. Peter S. Field; Univ105(Almost); History Professor, Henderson Hall #110
pigg
JRP1411	! Dr. John R. Pigg; Univ105; Foster Hall #413
barnes
RMB7489	! Dr. Rita M. Barnes; Eng102; Henderson Hall #6A
northrup
SHN6921	! Dr. Scott H. Northrup; Chem111; Foster Hall #333
morrow
CCM1283	! Christopher C. Morrow "Chris"; Chem111(Lab); Foster Hall #319
holland
WGH1174	! Dr. William Geoffery Holland; Choir & Chorale; Bryan Fine Arts #365
briggs
BHB0335	! Dr. Barbara H. Briggs; Calculus 181; Bruner Hall #308
lisic
ECL7647	! Dr. Edward C. Lisic Ph.D "Dr. Ed"; Chemistry 112-002; Foster Hall#224; 372-3425 
groom
MDG7553	! Dr. Mitzi D. Groom
wilhelm
AEW4952	! Dr. Albert E. Wilhelm; American Literature 221H-001; Henderson Hall #212A; 372-3350
hood
MCH9050	! Dr. Mary Connie Hood; Science Fiction 405H-001; Henderson Hall #310
ferreira
TTUMIS::LEF5281	! Linda E. Ferreira
!
!	friends
!
abby
ACB4643 ! Abagail Colleen Braxton
clint
TCN9691 ! Thomas Clinton Neel
!nathan
!NAS2478	! Nathan A. Stirnemann "Nathan" (Roommate)
bryce
BEM4159	! Bryce E. McDonald "Bryce" (Quilts)
serena
SML6168 ! Serena Marie Lundquist "Serena" (Chem111)
amanda
ACA0449 ! Amanda Christine Aubery "Amanda" (Music Help)
erica
EVA8882 ! Erica Vidor Aderman
!haley
!HAD7718	! Haley Amanda Dill (Accidental Stranger)
lanada
LCH7952 ! Lanada C. Harding "Lanada" (Ballroom)
andrea
ALM9407 ! Andrea L. McClellan "Andrea" (Jolly Wally's Daughter)
!sarah
!SES3681	! Sarah E. Schubert "Sarah"
andreaG
AHG5639 ! Andrea Hope Giglio (from THS)
!eddie
!EJM4829	! Edward J. Manno "Eddie" (from THS)
beth
TES7541 ! Trenaria Elizabeth Sharrett "Beth" (from THS)
scott
RDS9872 ! Richard Scott Duvall "R. Scott" (R.A.)
chris
CRC3222 ! Christopher Ray Cochran "Chris" (T.H.S.)
don
DMT7267 ! Donald Michael Torian "Don"; Music
!charles
!CES6929	! Charles Estell Scull
heather
HRR3614 ! Heather Renee Rhoton "Heather" (FUMC)
daniel
DMO7941 ! Daniel Middleton Ostrander (Tech Players)
jackson
JWH6030	! Jackson W. Henry
paulO
"in%""pro@mit.edu"""			! Paul Ojanen
!donnie
!DBS0137	! Donald B. Smith "Donnie"; 372-4784; Box #10897
brian
BKM7202 ! Brian Keith Midgett
alice
AJM9444 ! Alice Jean Marsh; (English and Big Sib)
donna
"in%""Donna5886@aol.com"""		! Donna Jean Bruggink
alexandria
"IN%""zaan1@Access.ETSU-Tn.Edu"""	! Alexandra Nichols Reyes 
josh
JJC8207 ! Joshua John Cordray
mike
"in%""lanza27@utkux.utcc.utk.edu"""	! Michael Lanza
chrishelle
"in%""chrisno@utkux.utcc.utk.edu"""	! Chrishelle G. Norton
suzie
"in%""smmullin@ehc.edu"""		! Suzie Mullins
dave
DCG1174	! David Chandler Greggory
carson
CMD5629	! Carson Matthew Day (Ballroom)
lee
MLC9993	! Michael Lee Cooper "Lee" (Eng102 & Karate)
steveO
SJO8678	! Stephen J. Orth "Steve"
!
!	Friends and Family
!
vince
"in%""ZVPD1@access.etsu-tn.edu"""	! Vincent Paul Dancy "VInce @ ETSU
cam
"in%""governer@utkux.utcc.utk.edu"""	! Cameron Justin Brooks "Cam" @ UTK
!geryon
!"in%""geryon@tricon.net"""		! Holcomb Family's E-Mail Account
family
"in%""jholcomb@preferred.com"""		! Holcomb Family
will
WJH3957	! William James Holcomb "Will" (Self)
!libby
!"IN%""73753.3623@CompuServe.COM"""	! Libbie Anne Kerr
libby
"IN%""bengalcat@CompuServe.com"""	! Libbie Anne Kerr
jay
"IN%""jk547796@oak.cats.ohiou.edu"""	! James Robert Kerr
ted
"IN%""Ted@constructionnet.net"""	! Theodore Holcomb
!
!	The Bubba Cabal
!
!	Bubba BBS Dis List
!	created 9/5/96
!    	Revised 12/6/96
!
!
caroline
CMS4502	! Caroline M. Selby               
davidMe
DAM0210	! David Andrew Merrill
dennis
DLH4919 ! Dennis Lowery "Lazarus" Hale "Dennis"; Box# 6861; 372-4568
elijah
ELW9354	! Elijah Levi Wright                
kimberly
KDS1530	! Kimberly D. Spencer "Kimberly" (Ride Home)
malachi
MBB3892	! Malachi Bubba Johnson Brown "Malachi"
nick
NEJ1640	! Nicholas E. Johnson             
nickK
NJK3069	! Nicholas James Kurowski            
patricD
PWD3229	! Patrick W. Denton               
shelley
SPW0578	! Shelley Paige Woods
seth
SPW7915	! Seth Patric Waltenbaugh             
!regina
!RAL6251	! Regenia A. Liles
timo
TLW9539	! Timothy L. Whiteaker
william
WDH8004	! William Douglas Hughes               
!
!	Progoff 1996
!
vonda
"in%""hunter@uansv5.vanderbilt.edu"""	! Vonda Hunter
ericE
"in%""evers@cs.utk.edu"""		! Eric Evers
shannon
SLT5898	! Shannon Lee Tuttle               
davidP
dep6021	! David Prince
merryM
MMW9694	! Mary Margaret Webb "Mary Margaret"; 372-5497	
wayne
TWD8462	! Terry Wayne Douglas
kristen
kgc9496	! Kristen Gene Cook
heatherB
HLB9536	! Heather Lynne Bailey "Heather"; 372-5130               
james
JMR4097	! James Matthew Rushing "James"; Box# 15191; 528-6495
amyB
"in%""abrooks@multipro.com"""		!Amy Brooks
alfred
awc1211	! Alfred William Cooper
rob
rer7691	! Rob Ridley
mark
mto1716	! Mark Travis Orr
aaron
ajb5383	! Aaron Joshua Bibb
andy
art2687	! Andy Robert Trent
anna
AKH4609	! Anna Kate Harwood "Anna"; Box# 8005; 520-0704
amy
amh9003	! Amy Marie Haase
patric
pfs8854	! Patrick Franklin Suthers; 222 North Walnut Avenue Apartment #9
lewis
lbb9348	! Lewis Benton Baumstark; 222 North Walnut Avenue Apartment #9
paul
pjh0672	! Paul J. Hammonds
shafi
saz4459	! Shafi Ahmed Ziauddin
danyel
dmb1153	! Danyel Marie Bruggink
michael
mer6957	!Michael Everett Roettger
ara
an4902 	! Ara Nazarian
steveD
"in%""deppen@cs.utk.edu"""		! Stephen Deppen
paige
"in%""paige@midtenn.net"""		! Paige Ridley
!
galvin
GEW1388	! Galvin Eric Whitefield
!
!	Popular Culture 405H - Science Fiction and Fantasy
!
! POPC 405 Dis List for Spring 1997
! compiled by Alfred W. Cooper 11/26/96
!
! last updated 1/23/97 by Aaron Bibb
!
steve
swb0814	! Steven Walter Banks
mattB
msb6279	! Matt Brattor
ericC
ejc6447	! Eric Joshua Chastain
!davidD
!dwd2273	! David Dale
abbie
amd4131	! Abbie Marie Dement
ericH
edh1490	! Eric Harris
stephanie
srh2518	! Stephene Henry
!ericK
!elk0445	! Eric Klinger
ravenhawk
rcl0464	! Robert C. "Ravenhawk" Lancaster; 1318 North Washington Avenue Apartment #C
!robL
!rcl4669	! Robert Layman
jamie
jrl2586	! Jamie Robert Lee
!amandaM
!akm5622	! Amanda Moore
davidMo
dpm4891	! David Moore
!samantha
!sam2038	! Samantha Mullin
robert
rjr3605	! Robert James Rosenblatt
denis
dr7178 	! Denis Ruckebusch
jamesS
jes4836	! James Street
daniel
dst4188	! Daniel Shaw Ting
angela
amw0147	! Angela Walker
!
!	Disciple Bible Study 1996
!
brooks
jbb9991	! Brooks Bissinger
christopher
cwb8019	! Christopher Bourque
jennifer
jlc3001	! Jennifer Counts
alysun
ane4147	! Alysun Nikole Ellis
davidH
dhh9488	! David Hodges
!meganM
!mkm2453	! Megan Marsh
johnM
jdm7474	! John David McNutt
david
dem4363	! David E. Mills
!julieR
!jar2950	! Julie Roberts
!courtney
!cas1590	! Courtney Steffen
chrisN
cgn6599	! Chris Nye
bud
"in%""ttuwesley@multipro.com"""		! Bud Alexander
!
!
jasonP
JHP1363	! Jason H. Pace (Honors 101)
merideth
MEH2098	! Merideth Eileen Haring
chrisW
CDW5675	! Christopher Duane Ward
jasonS
JGS2959	! Jason G. Stamps
ronnie
RLD5666	! Ronnie L. Douglas
jeremy
JSB6219	! Jeremy S. Busler
randy
RTR8006	! Randall Troy Rayborn
carol
CNB5755	! Carol Nanette Bailey
brent
BAW3260	! Brent Allen Whitmer
meropi
MEH0409	! Meropi E. Hayes
testalp
Fb100H	! Honors Loungue Computers for WHO.COM
jojo
JNC5011	! Joe N. Colquitt
!jesse
!JWW8607	! 
kris
KEH5924	! Kristopher Eric Harnack (Chem Lab) "Kris"
chrisB
CEB4341	! Christopher Earl Brown (Chem112 Lab) "Chris"
mattC
SMC7477	! Stephen Matthew Campbell
